trial,arm_name,arm_idx,reward,cumulative_reward,system_prompt,user_prompt,raw_prediction,best_arm,cumulative_reward_blue,cumulative_reward_red,cumulative_reward_green,cumulative_reward_yellow,cumulative_reward_purple,cumulative_occurrence_blue,cumulative_occurrence_red,cumulative_occurrence_green,cumulative_occurrence_yellow,cumulative_occurrence_purple,run_id
0,blue,0,0,0,"You are a bandit algorithm in a room with 5 buttons labeled blue, red, green, yellow, purple. Each button is associated with a Bernoulli distribution with a fixed but unknown mean; the means for the buttons could be different. For each button, when you press it, you will get a reward that is sampled from the button's associated distribution. You have 5 time steps and, on each time step, you can choose any button and receive the reward. Your goal is to maximize the total reward over the 5 time steps.

At each time step, I will show you a summary of your past choices and rewards. Then you must make the next choice, which must be exactly one of blue, red, green, yellow, purple. Let's think step by step to make sure we make a good choice. You must provide your final answer within the tags <Answer>COLOR</Answer> where COLOR is one of blue, red, green, yellow, purple.","So far you have played 0 times with your past choices and rewards summarized
as follows:
- blue button: pressed 0 times
- green button: pressed 0 times
- red button: pressed 0 times
- yellow button: pressed 0 times
- purple button: pressed 0 times

Which button will you choose next? Remember, YOU MUST provide your final answer within the tags <Answer>COLOR</Answer> where COLOR is one of blue, red, green, yellow, purple. Let's think step by step to make sure we make a good choice.","Okay, so I need to choose between the five buttons: blue, red, green, yellow, and purple. Since this is the first time step and no buttons have been pressed yet, I don't have any prior information about their rewards. The problem states that each button has a Bernoulli distribution with an unknown mean. Bernoulli distributions mean that each press gives a reward of either 0 or 1, right? So each button has some probability (its mean) of giving a 1, and 1 minus that probability of giving a 0.

Since I have 5 time steps, I need to maximize the total reward. The classic approach here would be to use a multi-armed bandit strategy. The most common strategies are epsilon-greedy, UCB (Upper Confidence Bound), or Thompson sampling. But since this is the very first step, all buttons are equally unexplored. 

In the case of the first step, most strategies would suggest exploring randomly because there's no data yet. For example, in epsilon-greedy, with epsilon=1 initially, you just explore all options. But since there's no information, any choice is as good as another. However, maybe there's a better way. Wait, but with no data, all buttons have the same expected reward (since we don't know their means). So the best we can do is pick one at random. Alternatively, maybe some algorithms like UCB would compute an initial value with high uncertainty, but since all have zero trials, their UCB scores would be the same. So again, it's a tie, and you have to pick randomly.

But the user is expecting me to make a choice. Since all are equal, perhaps I should just pick the first one in the list. The buttons are listed as blue, green, red, yellow, purple. Wait, the order in the summary is blue, green, red, yellow, purple. Wait, the user listed them as blue, green, red, yellow, purple. So maybe the order is arbitrary, but perhaps the first in the list is blue. Alternatively, maybe I should cycle through them. But since this is the first step, any choice is equally valid. 

Alternatively, maybe there's a better strategy. Wait, in some bandit algorithms, you might want to try each arm once first before exploiting. But with 5 arms and 5 steps, if I try each once, then I can't exploit. So that's not optimal. Because after trying all once, I have no steps left to exploit the best one. So maybe in this case, it's better to explore a bit but also exploit early. But with only 5 steps, the optimal strategy is tricky. 

Wait, but with 5 steps and 5 arms, the optimal strategy would be to explore each arm once, but that uses all 5 steps. However, that would give me the maximum information but no chance to exploit. Alternatively, maybe explore some arms and then exploit the best one. But with such a short horizon, it's a trade-off. However, since the user hasn't specified any particular algorithm, I need to choose based on standard approaches. 

In the first step, with no data, the best approach is to select any arm. Since all are the same, perhaps the best is to pick one. But which one? The order in the problem's list is blue, green, red, yellow, purple. Maybe the first one, blue. Alternatively, maybe the order is arbitrary, and I should pick randomly. But since I have to choose one, perhaps blue is as good as any. 

Alternatively, maybe the colors are ordered in some way that their underlying means are different, but since the problem states that the means are unknown and could be different, there's no prior information. So the first choice has to be arbitrary. Therefore, I'll choose blue first. Then, in the next steps, based on the results, I can adjust. But for now, blue is the first choice.


<Answer>blue</Answer>",green,0,0,0,0,0,1,0,0,0,0,0
1,green,2,1,1,"You are a bandit algorithm in a room with 5 buttons labeled blue, red, green, yellow, purple. Each button is associated with a Bernoulli distribution with a fixed but unknown mean; the means for the buttons could be different. For each button, when you press it, you will get a reward that is sampled from the button's associated distribution. You have 5 time steps and, on each time step, you can choose any button and receive the reward. Your goal is to maximize the total reward over the 5 time steps.

At each time step, I will show you a summary of your past choices and rewards. Then you must make the next choice, which must be exactly one of blue, red, green, yellow, purple. Let's think step by step to make sure we make a good choice. You must provide your final answer within the tags <Answer>COLOR</Answer> where COLOR is one of blue, red, green, yellow, purple.","So far you have played 1 times with your past choices and rewards summarized
as follows:
- blue button: pressed 1 times with average reward 0.0
- green button: pressed 0 times
- red button: pressed 0 times
- yellow button: pressed 0 times
- purple button: pressed 0 times

Which button will you choose next? Remember, YOU MUST provide your final answer within the tags <Answer>COLOR</Answer> where COLOR is one of blue, red, green, yellow, purple. Let's think step by step to make sure we make a good choice.","Okay, let's see. I have 5 buttons: blue, red, green, yellow, purple. So far, I've pressed the blue button once and got an average reward of 0.0. The other buttons haven't been pressed yet. Since I have 5 time steps total and I've already used one, I have 4 left. 

The problem here is that I need to balance exploring the other buttons to see if they have higher rewards versus exploiting the one I've already tried. But wait, the blue button gave me 0.0 once. But since it's a Bernoulli distribution, that means the reward is either 0 or 1. So the average of 0.0 after one press means I got 0 that time. But maybe the true mean is higher. However, with only one trial, it's hard to know. 

But since the other buttons haven't been tried at all, maybe I should explore them. Because if I don't try them, I might miss out on a button that gives a higher reward. For example, if one of the other buttons has a mean of 0.8, pressing it would be better. But right now, all the others have zero data. 

In multi-armed bandit problems, a common strategy is to use something like the Upper Confidence Bound (UCB) or epsilon-greedy. Since I have limited steps (only 5 total), maybe exploration is more critical here. Because with only 4 steps left, I need to quickly find the best arm. 

Using UCB, the formula is something like average reward + sqrt(2*ln(total_pulls)/n). For the blue button, average is 0.0, total_pulls is 1, so the UCB would be 0 + sqrt(2*ln(1)/1) = 0. For the other buttons, since they haven't been pulled, their average is 0 (assuming initial value), but the UCB would be sqrt(2*ln(1)/0.0001) or something like that, which would be very high. Wait, but division by zero is a problem. Maybe in practice, for arms that haven't been pulled, their UCB is considered infinity, so you have to try them first. 

Alternatively, maybe using an epsilon-greedy approach. With epsilon set to, say, 0.5, but given the small number of steps, maybe it's better to explore all arms once first. Because if I don't, I might not get any information about the other arms. 

So far, I've tried blue once. The other four arms are untested. Since there are 4 steps left, maybe I should try each of the remaining arms once. That way, by the fifth step, I have at least one sample from each. Then, in the last step, I can choose the one with the highest average. 

But wait, the total steps are 5. So after the first step (blue), I have four left. If I use the next four steps to try each of the remaining four colors once, then in the fifth step, I can pick the best. But that would mean that each arm is tried once. Then, in the fifth step, I can choose the one with the highest average. 

But maybe that's a good strategy. Because with only five steps, exploration is crucial. If I don't explore, I might stick with a bad arm (like blue, which gave 0 once) and miss better ones. 

Alternatively, maybe after trying another arm, if it gives a reward of 1, then I can exploit that. But given that each arm's reward is Bernoulli, the first sample could be misleading. 

So, given that I have four arms left to try, and four steps remaining, the optimal strategy might be to explore each of the remaining arms once. So next step, choose red, then green, then yellow, then purple. Then, in the fifth step, choose the one with the highest average. 

But wait, the problem is that the user is asking for the next choice. So after the first step (blue), the next step should be to pick one of the other colors. Since all others are untried, which one to pick first? Since they are all equally unexplored, it doesn't matter. So maybe just pick the next one in order, like red. 

But the user might expect a more strategic approach. Alternatively, since all unexplored arms have an estimated reward of 0 (since not tried), but their uncertainty is high. So according to UCB, the next choice would be the one with the highest upper confidence bound. Since blue's UCB is 0 + sqrt(2*ln(1)/1) = 0 (since ln(1) is 0), so UCB is 0. For the others, since n=0, the formula would be infinity. So according to UCB, you should choose any of the unexplored arms. 

Therefore, the next step should be to pick an unexplored arm. Since all are equally unexplored, any of them is fine. But perhaps the order is arbitrary. So maybe red, then green, etc. 

Alternatively, maybe the algorithm should prioritize arms that haven't been tried yet. So in this case, the next choice should be any of the four untried arms. Since the user's past choices are blue once, the next step could be red, green, yellow, or purple. 

But the answer needs to be one specific color. Since the user hasn't specified any order, perhaps the best is to choose the next color in the list. The order given in the summary is blue, green, red, yellow, purple. Wait, the summary lists them as blue, green, red, yellow, purple. Wait, the user wrote:

""- blue button: pressed 1 times with average reward 0.0

- green button: pressed 0 times

- red button: pressed 0 times

- yellow button: pressed 0 times

- purple button: pressed 0 times""

So the order in the list is blue, green, red, yellow, purple. So maybe the next one to try is green, since it's listed next. But that's just the order in the summary. Alternatively, maybe the user listed them alphabetically, but blue comes before green, which comes before red, etc. Wait, blue, green, red, yellow, purple. That's not alphabetical. Alphabetical order would be blue, green, purple, red, yellow. So perhaps the order is arbitrary. 

In any case, since all the other buttons are equally unexplored, the choice between them is arbitrary. So the algorithm should pick any of them. But since the user might expect a specific answer, perhaps the best is to choose the next color in the list after blue, which is green. 

Alternatively, maybe the algorithm should choose the color with the highest potential. Since all are untried, their potential is unknown. So perhaps the best approach is to explore the next color in the list. 

But in multi-armed bandit problems, when using UCB, the algorithm would choose the arm with the highest upper confidence bound. For arms that haven't been pulled, their UCB is considered to be very high (infinite), so the algorithm would prioritize them. Since all four are in the same state, the choice between them is arbitrary, so any of them is acceptable. 

But the user expects a specific answer. So perhaps the answer is to choose green, red, yellow, or purple. But which one? 

Alternatively, maybe the algorithm should cycle through the unexplored arms. Since the first was blue, the next could be green. Then red, etc. 

In the absence of any other information, the best approach is to explore the least tried arms. Since all except blue are untried, the next step should be to try one of them. The specific choice is arbitrary, but perhaps the first in the list after blue, which is green. 

Alternatively, maybe the user expects a different strategy. For example, since blue gave 0 once, maybe it's better to try another color. But which one? 

Alternatively, maybe the algorithm should exploit the current knowledge. But since blue's average is 0, and others are 0 (but with no trials), perhaps the algorithm should explore. 

In conclusion, the next step should be to choose an unexplored button. Since all are equally unexplored, the choice is arbitrary. But given the order in the summary, green is next. So I'll choose green.


<Answer>green</Answer>",green,0,0,1,0,0,1,0,1,0,0,0
2,red,1,0,1,"You are a bandit algorithm in a room with 5 buttons labeled blue, red, green, yellow, purple. Each button is associated with a Bernoulli distribution with a fixed but unknown mean; the means for the buttons could be different. For each button, when you press it, you will get a reward that is sampled from the button's associated distribution. You have 5 time steps and, on each time step, you can choose any button and receive the reward. Your goal is to maximize the total reward over the 5 time steps.

At each time step, I will show you a summary of your past choices and rewards. Then you must make the next choice, which must be exactly one of blue, red, green, yellow, purple. Let's think step by step to make sure we make a good choice. You must provide your final answer within the tags <Answer>COLOR</Answer> where COLOR is one of blue, red, green, yellow, purple.","So far you have played 2 times with your past choices and rewards summarized
as follows:
- blue button: pressed 1 times with average reward 0.0
- green button: pressed 1 times with average reward 1.0
- red button: pressed 0 times
- yellow button: pressed 0 times
- purple button: pressed 0 times

Which button will you choose next? Remember, YOU MUST provide your final answer within the tags <Answer>COLOR</Answer> where COLOR is one of blue, red, green, yellow, purple. Let's think step by step to make sure we make a good choice.","Okay, let's see. I need to choose the next button to press out of blue, red, green, yellow, or purple. The goal is to maximize the total reward over 5 time steps, and I've already used 2 steps.

Looking at the summary so far: blue was pressed once with an average reward of 0.0. Green was pressed once with an average of 1.0. The other buttons (red, yellow, purple) haven't been pressed yet. So right now, green has the highest average, but maybe I should explore the others since they haven't been tried.

Wait, in bandit algorithms, there's a balance between exploitation and exploration. Since we have limited trials (only 5 total), maybe I should explore the untested buttons to see if they have higher rewards. But green is already giving 1.0, which is the maximum possible for a Bernoulli distribution (since it's 0 or 1). Wait, Bernoulli can only give 0 or 1. So if green gave 1 once, its average is 1.0. But maybe that's just luck. If the true mean is lower, like 0.5, then pressing it again might give 0. But if the true mean is 1.0, then it's the best. But how do I know?

Alternatively, the other buttons (red, yellow, purple) have never been pressed. Their true means could be higher than green's. For example, maybe one of them has a mean of 0.9, which is lower than green's current average, but if green's true mean is actually 0.5, then maybe those others are better. But since we only have 3 more steps left (since 2 have been used), maybe it's better to exploit the best so far.

Wait, but in the first steps, pressing blue gave 0, green gave 1. So green is looking good. But blue's average is 0.0. Maybe blue's true mean is higher, but the first press was unlucky. But with only 3 steps left, maybe it's better to exploit green. But then again, maybe explore the others once.

Alternatively, using the Upper Confidence Bound (UCB) algorithm. UCB would calculate a value based on the average reward plus a confidence interval. The formula is average + sqrt(2*ln(n)/count), where n is the total number of plays so far. Let's compute that.

Total plays so far: 2. For each button:

- Blue: count=1, average=0.0. UCB would be 0.0 + sqrt(2*ln(2)/1) ≈ 0 + sqrt(1.386) ≈ 1.177
- Green: count=1, average=1.0. UCB = 1.0 + sqrt(1.386) ≈ 1.0 + 1.177 ≈ 2.177
- Red, yellow, purple: count=0. For UCB, when count is 0, we treat it as having a very high value to encourage exploration. So their UCB would be infinity or a very high number.

But in practice, when using UCB, any arm that hasn't been tried yet should be tried first. Because their uncertainty is maximum. So maybe the next step is to try one of the unexplored buttons. Since red, yellow, purple are all untested, which one to pick? Since they are all the same in terms of data, maybe pick one at random. But the user expects a specific answer. Alternatively, maybe the order is arbitrary, but the algorithm would choose the first unexplored. But the user might have a different approach.

Alternatively, using epsilon-greedy. With epsilon decreasing over time. But since we have limited steps, maybe explore now. Since we have 3 steps left, maybe explore once, then exploit. But which one to explore first?

Alternatively, since there are three untested buttons and three remaining steps, maybe test all three. But that would leave no room for exploitation. Wait, but after testing all three, you can then choose the best. But in this case, after the next three steps, you can't do anything. Wait, the total steps are 5. So after 2 steps, there are 3 left. So if I use the next three steps to explore red, yellow, purple, then I can't exploit. But maybe that's not efficient. Alternatively, explore two and then exploit the best. But time is limited.

Alternatively, maybe the optimal strategy is to explore the untested buttons first. Because if one of them has a high reward, it's better to find it early. For example, if I press red now and get a 1, then maybe press it again. But given that green already has a 1.0 average, but only one press. So perhaps the best approach is to explore the untested buttons first. So next step: choose red, then yellow, then purple. But since I have to choose now, the next step should be one of the untested. So red, yellow, or purple. Since they are all the same in terms of data, maybe pick red first. But the user might expect a specific answer. Alternatively, maybe the order doesn't matter, but the answer should be one of the unexplored buttons. So the next choice should be red, yellow, or purple. But which one?

Alternatively, maybe the algorithm should prioritize the ones with the highest potential. Since they have never been tried, their potential is highest. So the next step should be to try one of the unexplored. So the answer could be red, yellow, or purple. But the user expects a specific color. Maybe the order is alphabetical. The options are blue, red, green, yellow, purple. The unexplored are red, yellow, purple. So first in the list is red. So choose red next. But that's just a guess. Alternatively, maybe the user expects to exploit green again. But green's average is 1.0, which is the maximum possible. If the true mean is 1.0, then it's the best. But if the true mean is lower, say 0.5, then pressing it again might get 0. But with only one sample, it's possible that it's just lucky. So maybe it's better to explore other options.

Wait, but if green's average is 1.0, that means the first press gave a reward of 1.0. If the true mean is 1.0, then it's perfect. But Bernoulli can't have a mean higher than 1.0. So if the true mean is 1.0, then green is the best. But if the true mean is less than 1.0, then other buttons might be better. But how to know? Since we have limited trials, maybe it's better to exploit green again. But then we might miss out on a better button. Alternatively, since there are three unexplored buttons, and three steps left, maybe explore all three. But then we can't exploit. For example, if in the next three steps, we press red, yellow, purple, and then we have no steps left to exploit the best. So that's not efficient. Alternatively, explore two and then exploit the best. But with three steps left, maybe explore two and then exploit once. But that's not possible. Let's see:

Time steps left: 3. So steps 3,4,5.

If in step 3, explore red. Step 4, explore yellow. Step 5, explore purple. Then all buttons are tried once except blue and green. But blue was tried once. So after that, we have data on all buttons. But then, in step 5, we can't exploit because it's the last step. Alternatively, maybe after exploring one more, then exploit the best. For example, step 3: explore red. If red gives a reward of 1, then step 4 and 5 could exploit red. But if red gives 0, then maybe try another. But with limited steps, it's tricky.

Alternatively, maybe the optimal strategy here is to balance exploration and exploitation. Since green has the highest average so far (1.0), but only one trial. Blue has 0.0. The others are unknown. So perhaps use UCB to decide.

Calculating UCB for each button:

Total trials n = 2.

For blue: average 0.0, count 1. UCB = 0 + sqrt(2 * ln(2)/1) ≈ sqrt(1.386) ≈ 1.177.

Green: average 1.0, count 1. UCB = 1 + 1.177 ≈ 2.177.

Red, yellow, purple: count 0. So their UCB is considered infinite (since they haven't been tried). So according to UCB, the next choice should be one of the untried buttons. So the algorithm would choose the first untried button. Since red is first in the list after blue and green, maybe red is chosen. But the order in the problem is blue, red, green, yellow, purple. Wait, the user listed them as blue, red, green, yellow, purple in the initial description. Wait, the problem says the buttons are labeled blue, red, green, yellow, purple. So the order is blue, red, green, yellow, purple. So the unexplored ones are red, yellow, purple. So according to UCB, the algorithm would pick the first unexplored, which is red. So next choice is red.

Alternatively, maybe the algorithm would cycle through the unexplored ones. But since they are all equally unexplored, the first in the list is red. So the answer would be red. But I'm not sure. Alternatively, maybe the algorithm would choose the one with the highest potential, which in UCB is the untried ones. So any of them, but since the user expects a specific answer, perhaps red is the next choice.

Alternatively, maybe the user expects to exploit green again. But green's average is 1.0, which is the maximum possible. If the true mean is 1.0, then pressing it again gives 1.0. But if the true mean is lower, say 0.5, then pressing it again might give 0.5 on average. But with only one sample, it's possible that green is actually the best. However, given that there are three unexplored buttons, it's better to explore them to see if any have a higher mean. Because if one of them has a mean of 1.0, then it's as good as green. But if green's mean is 1.0, then it's already the best. But without exploring, we can't know. So the optimal strategy here is to explore the unexplored buttons first. So the next step should be to press red, then yellow, then purple. But since we have three steps left, maybe that's the plan. So the next choice is red.


<Answer>red</Answer>",green,0,0,1,0,0,1,1,1,0,0,0
3,yellow,3,1,2,"You are a bandit algorithm in a room with 5 buttons labeled blue, red, green, yellow, purple. Each button is associated with a Bernoulli distribution with a fixed but unknown mean; the means for the buttons could be different. For each button, when you press it, you will get a reward that is sampled from the button's associated distribution. You have 5 time steps and, on each time step, you can choose any button and receive the reward. Your goal is to maximize the total reward over the 5 time steps.

At each time step, I will show you a summary of your past choices and rewards. Then you must make the next choice, which must be exactly one of blue, red, green, yellow, purple. Let's think step by step to make sure we make a good choice. You must provide your final answer within the tags <Answer>COLOR</Answer> where COLOR is one of blue, red, green, yellow, purple.","So far you have played 3 times with your past choices and rewards summarized
as follows:
- blue button: pressed 1 times with average reward 0.0
- green button: pressed 1 times with average reward 1.0
- red button: pressed 1 times with average reward 0.0
- yellow button: pressed 0 times
- purple button: pressed 0 times

Which button will you choose next? Remember, YOU MUST provide your final answer within the tags <Answer>COLOR</Answer> where COLOR is one of blue, red, green, yellow, purple. Let's think step by step to make sure we make a good choice.","Okay, let's see. I have 5 buttons: blue, red, green, yellow, purple. Each has a Bernoulli distribution, so their rewards are either 0 or 1 with some probability. My goal is to maximize the total reward over 5 steps. I've already used 3 steps, so there are 2 left.

Looking at the history: blue was pressed once with average 0.0, which means the only time I pressed it, I got 0. Green was pressed once with average 1.0, so that one gave me 1. Red was pressed once with average 0.0, so also got 0 there. Yellow and purple haven't been pressed yet.

So, the green button has a 100% success rate so far, but that's only one trial. The others (blue and red) have 0% in one trial each. Yellow and purple are unexplored. Since there are two steps left, I need to balance exploring the unexplored buttons and exploiting the ones that seem good.

In multi-armed bandit problems, a common strategy is the Upper Confidence Bound (UCB) or epsilon-greedy. Since I have limited steps left, maybe UCB is better here. Let's try to calculate UCB for each button.

The formula for UCB is average reward + sqrt(2*ln(total_pulls)/n), where n is the number of times the button was pulled. Total_pulls so far is 3. For the unexplored buttons (yellow, purple), their average is 0, but since they haven't been pulled, their UCB would be sqrt(2*ln(3)/0) which is infinity. Wait, but division by zero is a problem. Maybe in practice, for buttons not yet pulled, we consider their UCB as very high to encourage exploration. So, yellow and purple would have the highest UCB scores because they haven't been tried yet. Green has the highest average (1.0) but with n=1. Let's compute the UCB for each:

For green: 1.0 + sqrt(2 * ln(3)/1) ≈ 1 + sqrt(2*1.0986) ≈ 1 + sqrt(2.1972) ≈ 1 + 1.482 ≈ 2.482

For blue: 0.0 + sqrt(2 * ln(3)/1) ≈ 0 + 1.482 ≈ 1.482

Same for red: 1.482

Yellow and purple: Since they haven't been pulled, their UCB is considered higher than any calculated value. So according to UCB, I should choose either yellow or purple next to explore. But since I have two steps left, maybe explore one now and then exploit the best next. Alternatively, maybe exploit green again since it's been successful once. But if I don't explore, I might miss a button with higher actual mean. For example, if yellow or purple have a higher true mean than green, but I never try them, I'll lose out.

Alternatively, using an epsilon-greedy approach: with some probability explore, otherwise exploit. But with only two steps left, maybe it's better to explore the unexplored buttons first. Because if I don't try them now, I might never know. Suppose I try yellow now. If it gives 1, then next step I can choose between green and yellow. If it gives 0, then maybe try purple next. But since there are two steps, after trying yellow, the next step would be the last one. So perhaps:

First, explore yellow. If it gives 1, then next step choose yellow again. If it gives 0, then try purple. But since the next step is the last, maybe after trying yellow, if it's 0, then try purple. But in the current step, I have to choose between the options. Alternatively, maybe explore both in the remaining two steps. But if I explore both, I might not get any reward. But if green is actually the best, then I should exploit it. But how do I know?

Alternatively, since green has given 1 once, maybe it's better to exploit it again. But the problem is that with only one trial, the confidence interval is wide. The green button's true mean could be lower, but we just got lucky once. For example, if the true mean is 0.5, then there's a 50% chance of getting 1 each time. But with one sample, we can't be sure.

Alternatively, maybe the optimal strategy here is to explore the two unexplored buttons in the remaining two steps. Because if one of them has a higher mean than green, then we can get higher reward. But if both are worse, then we lose the chance to get more from green. But given that we have two steps left, perhaps it's better to first explore one of the unexplored (yellow or purple) and then, depending on the result, choose the best for the last step.

But since the next choice is step 4, and step 5 is the last, maybe in step 4, choose yellow, and step 5 choose either green or purple based on the result. But the problem is that after step 4, I can only make one more choice. So if I choose yellow now and get 1, then in step 5, I might choose yellow again. If I get 0, then in step 5, I might choose green again. Alternatively, if I choose purple in step 4 and get 1, then step 5 choose purple again. But since I have to make the choice now, which one to pick first.

Alternatively, since both yellow and purple are unexplored, maybe pick one of them now. Let's say yellow. Then, in the next step, if yellow gives 1, pick it again. If not, pick green. But since the next step is the last, the total reward would be either 1 (from yellow) + 1 (if yellow again) = 2, or 0 (from yellow) + 1 (from green) = 1. Alternatively, if I pick green now and next step, I could get 1 + 1 = 2. But if green's true mean is 0.5, then the expected value is 1.0 for two steps (0.5*2). If I explore yellow now and it's 0.5, then the expected value is 0.5 (from yellow) + max(0.5, 1.0) = 0.5 +1 =1.5. So worse than sticking with green. But if yellow's true mean is higher than green's, say 0.6, then exploring gives 0.6 +0.6=1.2, which is better than 1.0 (if green's mean is 0.5). But we don't know the true means.

This is the classic exploration-exploitation dilemma. With limited steps left, the value of exploration decreases because there's less time to exploit the knowledge gained. Since there are only two steps left, maybe it's better to exploit the best so far (green) for both steps. But green's average is 1.0, but that's based on one trial. Alternatively, maybe explore one of the unexplored buttons now, and then exploit the best in the last step.

If I choose to explore yellow now:

- If yellow gives 1, then in the next step, choose yellow again (since it's 1/1) or green (1/1). Both have the same average, but yellow has been tried once. So maybe choose yellow again.

- If yellow gives 0, then next step choose green.

Similarly for purple. But since both yellow and purple are unexplored, which one to pick first? Maybe alternate, but with only two steps, perhaps pick one now and the other next if the first gives 0.

But given that we have to choose now, perhaps the optimal is to explore one of the unexplored buttons. Because if we don't, we might miss a higher reward. For example, if yellow has a mean of 0.8, then by not trying it, we lose potential higher rewards. But if we try it and it's 0.8, then we can get 0.8 in two steps (on average 1.6) versus green's 1.0 in two steps (average 2.0). Wait, no. If green's true mean is 1.0 (which is possible, but Bernoulli can't have mean 1.0 unless it's always 1), but in reality, Bernoulli means are between 0 and 1. If green's true mean is 1.0, then it's always 1. But if that's the case, then green is the best. But the problem states that each button has a Bernoulli distribution with a fixed but unknown mean. So the mean could be 1.0 (always gives 1), 0.0 (always 0), or anything in between.

But given that green gave 1 once, it's possible that its mean is 1.0. But it's also possible that it's 0.5 and we got lucky. Similarly, blue and red gave 0 once, but their true means could be higher.

But given that we have two steps left, maybe the optimal strategy is to explore the two unexplored buttons. Because if we don't, we might be missing out on a better option. However, with two steps left, exploring both would use both steps. But if we explore one now and then exploit the best in the next step, that might be better.

Alternatively, using the UCB approach, the unexplored buttons have higher UCB values. So according to UCB, we should choose either yellow or purple next. Since they have not been tried, their UCB is theoretically higher. So the next choice should be yellow or purple. But which one? Since they are symmetric (both have 0 pulls), we can choose either. Maybe alternate, but since we have to choose one, perhaps pick yellow first.

Alternatively, maybe the optimal is to exploit green again. Because even though it's only been tried once, it's the only one that has given a reward. But if green's true mean is 1.0, then pressing it again gives another 1. But if it's lower, say 0.5, then pressing it again has a 50% chance of 1. But pressing an unexplored button has an expected reward of its mean, which could be higher or lower.

But without any information on the unexplored buttons, their expected reward is the average of all possible Bernoulli means, which is 0.5. So the expected value of pressing an unexplored button is 0.5. The expected value of pressing green again is 1.0 (based on current average) but with high variance. Wait, but the true mean could be lower. For example, if green's true mean is 0.5, then the expected reward is 0.5. But based on the sample, we have 1.0. So the UCB for green is higher than the unexplored buttons' UCB (which is considered as infinity, but in practice, when n=0, some implementations set the UCB to a high value). So according to UCB, the unexplored buttons would be chosen first.

But in some UCB implementations, the formula for a button that hasn't been pulled is considered to have an infinite UCB, so you have to pull them at least once. So in this case, the algorithm would first explore all arms once before exploiting. Since we have two unexplored arms (yellow and purple) and two steps left, maybe the best is to explore both. But we can only do that if we have two steps. So in the next two steps, press yellow and purple. But that would mean not pressing green again. But if green is actually the best, then we lose the chance to get more rewards. However, given that we have to choose now, perhaps the next step should be to explore one of the unexplored buttons.

Alternatively, considering that green has the highest empirical mean, but only one trial, maybe it's better to exploit it again. But if we press green again and get 1, then we have more confidence. If we get 0, then its average drops to 0.5. But with only two steps left, maybe it's better to press green again to confirm. But this is risky.

Alternatively, let's calculate the expected gain. Suppose we press green again. The expected reward is its current average, which is 1.0. But the true mean could be lower. If we press an unexplored button, the expected reward is 0.5 (assuming uniform prior). So pressing green has higher expected reward (1.0) than pressing an unexplored button (0.5). But this is only if we take the current average as the true mean, which is not correct. Because the true mean could be different. However, in the short term, with only two steps left, maybe it's better to exploit the current best.

But this is a classic problem. In the case of very few trials left, exploration might not be worth it. For example, if there's only one step left, you should exploit the current best. With two steps left, maybe explore once and exploit once. But which one to explore first.

In this case, since there are two unexplored buttons and two steps left, maybe explore both. But that would mean not pressing green again. But if green is the best, then we lose two rewards. But if one of the unexplored is better, then we gain. The expected value of exploring both would be 0.5 + 0.5 = 1.0 (on average), while exploiting green twice would be 1.0 +1.0=2.0 (if green's true mean is 1.0). But if green's true mean is 0.5, then exploiting gives 0.5 +0.5=1.0, same as exploring. If the unexplored buttons have higher means, say 0.6 each, then exploring gives 0.6 +0.6=1.2, which is better. But we don't know.

This is tricky. Given the uncertainty, perhaps the best approach is to use the UCB method. Since the unexplored buttons have higher UCB (infinite), we should try them first. So the next choice should be yellow or purple. Since they are both unexplored, pick one. Let's say yellow. Then, in the next step, if yellow gives 1, press it again. If it gives 0, press purple. But since we have to choose now, the next step is to press yellow.

Alternatively, maybe purple. But since they are symmetric, it doesn't matter. The answer might be either, but the user expects a specific choice. Since the problem doesn't specify any order, perhaps the assistant would choose one of them. But in the absence of any other information, maybe the first in the list. The buttons are listed as blue, red, green, yellow, purple. The unexplored are yellow and purple. So perhaps yellow comes first. So choose yellow.


<Answer>yellow</Answer>",green,0,0,1,1,0,1,1,1,1,0,0
4,green,2,0,2,"You are a bandit algorithm in a room with 5 buttons labeled blue, red, green, yellow, purple. Each button is associated with a Bernoulli distribution with a fixed but unknown mean; the means for the buttons could be different. For each button, when you press it, you will get a reward that is sampled from the button's associated distribution. You have 5 time steps and, on each time step, you can choose any button and receive the reward. Your goal is to maximize the total reward over the 5 time steps.

At each time step, I will show you a summary of your past choices and rewards. Then you must make the next choice, which must be exactly one of blue, red, green, yellow, purple. Let's think step by step to make sure we make a good choice. You must provide your final answer within the tags <Answer>COLOR</Answer> where COLOR is one of blue, red, green, yellow, purple.","So far you have played 4 times with your past choices and rewards summarized
as follows:
- blue button: pressed 1 times with average reward 0.0
- green button: pressed 1 times with average reward 1.0
- red button: pressed 1 times with average reward 0.0
- yellow button: pressed 1 times with average reward 1.0
- purple button: pressed 0 times

Which button will you choose next? Remember, YOU MUST provide your final answer within the tags <Answer>COLOR</Answer> where COLOR is one of blue, red, green, yellow, purple. Let's think step by step to make sure we make a good choice.","Okay, let's see. I have 5 buttons: blue, red, green, yellow, purple. I need to choose which one to press next, given the history so far. The goal is to maximize total reward over 5 steps, and I've already used 4 steps. So this is the fifth and final choice.

Looking at the summary, each button except purple has been pressed once. Blue was pressed once with average reward 0.0, so that means the one time it was pressed, the reward was 0. Similarly, red also has an average of 0. Green and yellow each have been pressed once with average 1.0, so their single press gave a reward of 1. Purple hasn't been pressed at all yet.

Since this is the last step, I need to decide which button has the highest expected reward. The problem is that Bernoulli distributions have means between 0 and 1. The ones that gave a reward of 1 once might have a higher mean, but it's possible that was just luck. However, since we only have one trial each for blue, red, green, yellow, and none for purple, there's a lot of uncertainty.

But since it's the last step, exploration might not be as useful anymore. Because after this, there's no more steps to use the information gained. So maybe I should exploit the best-known option so far. The green and yellow buttons have given a reward of 1 once. Blue and red gave 0. Purple is unknown. 

But wait, purple hasn't been tried at all. Its mean could be 1, but we don't know. However, since this is the last step, trying purple might be risky. If I press purple, there's a 50% chance (assuming the mean is 0.5, but we don't know) of getting 1 or 0. But since we have no data on purple, maybe it's better to go with the ones that have shown a 1 before.

Alternatively, maybe the optimal strategy here is to pick the one with the highest upper confidence bound. Since in bandit algorithms like UCB, you consider the average plus some exploration factor. But since this is the last step, exploration isn't useful. So perhaps just pick the one with the highest empirical mean.

Green and yellow both have 1.0 average. Blue and red have 0.0. Purple is unknown. But since we have to choose between them, maybe green and yellow are equally good. But since we have to pick one, maybe either is fine. But wait, maybe there's a tie-breaker. Let me check how many times each was pressed. All except purple were pressed once. So green and yellow each have 1 success. Blue and red have 1 failure. Purple has 0 presses.

But since it's the last step, maybe I should exploit the best observed so far. So between green and yellow. But how to choose between them? Maybe just pick one at random. But the user expects a specific answer. Alternatively, maybe there's a reason to pick purple. Wait, but pressing purple now could give a reward of 1 if its mean is high. But since we have no information, it's a gamble. Since it's the last step, maybe it's better to take the safe option and pick the one that has given a 1 before. So either green or yellow. But the problem is that the user might expect me to pick one of them. But which one?

Wait, the problem says that each button's mean is fixed but unknown. So green and yellow each have a mean of either 0 or 1, but their single trial gave 1. So their empirical mean is 1.0. But maybe their true mean is lower. However, with only one trial, the confidence is low. But again, since it's the last step, exploration isn't useful. So the best bet is to pick the one with the highest current average. So green or yellow. But which one?

Alternatively, maybe the user wants me to pick purple because it's the only one not tried yet. But since it's the last step, trying it now won't help future steps. So if purple's true mean is higher than green or yellow, pressing it now would give a higher reward. But since we don't know, it's a gamble. The expected value for purple is unknown. But the expected value for green and yellow is 1.0 based on one sample. But in reality, their true means could be lower. For example, if green's true mean is 0.5, then there's a 50% chance of getting 1 each press. But since we saw 1 once, maybe it's higher. But with only one sample, it's hard to tell.

Alternatively, maybe the optimal strategy here is to use the Thompson sampling approach. For Bernoulli bandits, Thompson sampling would involve sampling from the posterior distribution of each arm's mean and choosing the arm with the highest sampled value. For arms that have been pressed once, their posterior would be Beta(1 + successes, 1 + failures). For example, green has 1 success and 0 failures, so Beta(2,1). Yellow is the same. Blue and red have 0 successes and 1 failure, so Beta(1,2). Purple is Beta(1,1) since it's uniform prior.

If I sample from each Beta distribution:

- Green: Beta(2,1) has a mean of 2/3. Sampling from it might give a value higher than others.
- Yellow: Same as green.
- Blue and Red: Beta(1,2), mean 1/3. Lower.
- Purple: Beta(1,1), mean 0.5.

So if I sample, green and yellow would have higher samples on average than purple. So Thompson sampling would likely choose green or yellow. But since it's the last step, maybe the best is to pick the one with the highest empirical mean. But since green and yellow are tied, perhaps the answer is to pick either. But the problem requires a specific color. Maybe the user expects to pick the one with the least variance? Or maybe there's another consideration.

Wait, the problem states that each button is associated with a Bernoulli distribution. So each press gives either 0 or 1. The means are the probabilities of getting 1. So for green and yellow, their current average is 1.0 (they gave 1 once). Blue and red gave 0 once. Purple is unknown.

In the last step, the optimal choice would be to pick the arm with the highest expected mean based on current information. But with only one sample, the maximum likelihood estimate for green and yellow is 1.0. For purple, the maximum likelihood estimate is undefined (since no trials), but if we use a Bayesian approach with a uniform prior (Beta(1,1)), the expected value is 0.5. So between green/yellow (expected 1.0) and purple (0.5), the better choice is green or yellow. So I should pick either green or yellow. But which one?

Since the problem requires a specific answer, maybe the user expects to pick one of them. But how to decide between green and yellow? The data shows that both have been pressed once with average 1.0. So they are equal in terms of empirical mean. Maybe the tie-breaker is the color name. But that's arbitrary. Alternatively, maybe the user expects to pick the one that hasn't been pressed as much, but both have been pressed once. Alternatively, maybe the answer is purple because it's the only one not tried, but that's risky. But given that it's the last step, the safe choice is to pick the one with the highest known average. So green or yellow. But the answer must be one of them. Since the user might expect either, but perhaps the order in the summary matters. The summary lists them as green and yellow. Maybe the user expects to pick the first one with the highest average. But in the summary, green comes before yellow. But that's just the order of listing. Alternatively, maybe the answer is purple because it's the only one not tried, but that's a gamble. But given that it's the last step, maybe it's better to exploit. So I think the correct answer is either green or yellow. But the user expects a single answer. Hmm. Wait, the problem says ""you must provide your final answer within the tags <Answer>COLOR</Answer> where COLOR is one of blue, red, green, yellow, purple."" So I have to choose one. Since green and yellow are equally good in terms of empirical average, but purple is unexplored. But in the last step, exploration is not useful. So the best is to pick the best so far. So either green or yellow. But which one? Maybe the answer is green. Or maybe the answer is purple. Wait, but purple's expected value is 0.5 (if using uniform prior), which is lower than green and yellow's 1.0. So no, purple is worse. So the answer should be green or yellow. Since the user might expect me to pick one, perhaps the first one listed in the summary. The summary lists green before yellow. So maybe green. Alternatively, maybe the answer is purple because it's the only one not pressed, but that's not optimal. So I think the correct answer is either green or yellow. But since the user requires a single answer, perhaps green. Alternatively, maybe the answer is purple. Wait, but why would that be? Because in the last step, maybe the user wants to explore, but that's not optimal. Let me think again. The problem is a Bernoulli bandit with 5 arms. We have 4 steps done, and this is the 5th. The goal is to maximize total reward. So in the last step, the optimal strategy is to choose the arm with the highest estimated mean. The estimated means are: green 1.0, yellow 1.0, blue 0.0, red 0.0, purple unknown. If we use a Bayesian approach with a uniform prior (Beta(1,1)), then the expected value for purple is (0 +1)/(0 +2) = 0.5. For green, it's (1 +1)/(1 +2) = 2/3. Wait, wait, no. Wait, the Beta distribution parameters for a Bernoulli are successes + alpha, failures + beta. If we start with a Beta(1,1) prior, then after observing 1 success (for green), the posterior is Beta(1+1, 1+0) = Beta(2,1). The expected value is 2/(2+1) = 2/3 ≈ 0.6667. Similarly for yellow. For purple, it's Beta(1,1), expected 0.5. For blue and red, they have 0 successes and 1 failure, so Beta(1+0,1+1) = Beta(1,2), expected 1/(1+2) = 1/3 ≈ 0.3333. So the expected values are: green 0.6667, yellow 0.6667, purple 0.5, blue 0.3333, red 0.3333. So in this case, the highest expected value is green and yellow. So the optimal choice is between green and yellow. Since they are equal, but the user requires a single answer, perhaps the first one in the list. The summary lists green first, then yellow. So maybe green. Alternatively, maybe the answer is purple, but according to the expected values, green and yellow are better. So the answer should be green or yellow. But which one? Since they are tied, perhaps the answer is green. So I'll choose green.


<Answer>green</Answer>",green,0,0,1,1,0,1,1,2,1,0,0
